title,filename
afscherming landbouwvoertuigen diversen,data/laws/afscherming-landbouwvoertuigen-diversen.txt
landbouwvoertuigen diversen geluidssignaalinrichtingen,data/laws/landbouwvoertuigen-diversen-geluidssignaalinrichtingen.txt
landbouwvoertuigen reminrichting voorraaddruk-remsysteem,data/laws/landbouwvoertuigen-reminrichting-voorraaddruk-remsysteem.txt
landbouwvoertuigen reminrichting slag-van-de-drukluchtremcilinders,data/laws/landbouwvoertuigen-reminrichting-slag-van-de-drukluchtremcilinders.txt
landbouwvoertuigen reminrichting remvertraging-parkeerrem,data/laws/landbouwvoertuigen-reminrichting-remvertraging-parkeerrem.txt
landbouwvoertuigen remvertraging-bedrijfsrem reminrichting,data/laws/landbouwvoertuigen-remvertraging-bedrijfsrem-reminrichting.txt
landbouwvoertuigen waarschuwingsinrichting-veerrem reminrichting,data/laws/landbouwvoertuigen-waarschuwingsinrichting-veerrem-reminrichting.txt
landbouwvoertuigen reminrichting waarschuwingsinrichting-drukluchtremsysteem,data/laws/landbouwvoertuigen-reminrichting-waarschuwingsinrichting-drukluchtremsysteem.txt
landbouwvoertuigen motorsteunen motor-en-brandstofsystemen,data/laws/landbouwvoertuigen-motorsteunen-motor-en-brandstofsystemen.txt
landbouwvoertuigen reminrichting remvloeistofreservoir,data/laws/landbouwvoertuigen-reminrichting-remvloeistofreservoir.txt
onderdelen-en-werking-reminrichting landbouwvoertuigen reminrichting,data/laws/onderdelen-en-werking-reminrichting-landbouwvoertuigen-reminrichting.txt
landbouwvoertuigen accu-en-bedrading motor-en-brandstofsystemen,data/laws/landbouwvoertuigen-accu-en-bedrading-motor-en-brandstofsystemen.txt
landbouwvoertuigen motor-en-brandstofsystemen onderdelen-elektrische-aandrijflijn,data/laws/landbouwvoertuigen-motor-en-brandstofsystemen-onderdelen-elektrische-aandrijflijn.txt
landbouwvoertuigen vloeistoflekkage motor-en-brandstofsystemen,data/laws/landbouwvoertuigen-vloeistoflekkage-motor-en-brandstofsystemen.txt
overige-regelgeving artikel-9-citeertitel cusumsysteem-erkenninghouder-apk,data/laws/overige-regelgeving-artikel-9-citeertitel-cusumsysteem-erkenninghouder-apk.txt
toelichting-op-de-verwijzing-naar-hoofdstuk-8-meetmiddelen-van-de-regeling-voertuigen overige-regelgeving regeling-erkenning-en-keuringsbevoegdheid-apk,data/laws/toelichting-op-de-verwijzing-naar-hoofdstuk-8-meetmiddelen-van-de-regeling-voertuigen-overige-regelgeving-regeling-erkenning-en-keuringsbevoegdheid-apk.txt
overige-regelgeving bijlage-1-behorende-bij-artikel-28-tweede-lid-reparatieadviespunten regeling-erkenning-en-keuringsbevoegdheid-apk,data/laws/overige-regelgeving-bijlage-1-behorende-bij-artikel-28-tweede-lid-reparatieadviespunten-regeling-erkenning-en-keuringsbevoegdheid-apk.txt
hoofdstuk-8-overgangs-en-slotbepalingen overige-regelgeving regeling-erkenning-en-keuringsbevoegdheid-apk,data/laws/hoofdstuk-8-overgangs-en-slotbepalingen-overige-regelgeving-regeling-erkenning-en-keuringsbevoegdheid-apk.txt
hoofdstuk-4a-de-exameninstantie overige-regelgeving regeling-erkenning-en-keuringsbevoegdheid-apk,data/laws/hoofdstuk-4a-de-exameninstantie-overige-regelgeving-regeling-erkenning-en-keuringsbevoegdheid-apk.txt
hoofdstuk-6-voorschriften-keuringen overige-regelgeving regeling-erkenning-en-keuringsbevoegdheid-apk,data/laws/hoofdstuk-6-voorschriften-keuringen-overige-regelgeving-regeling-erkenning-en-keuringsbevoegdheid-apk.txt
overige-regelgeving hoofdstuk-5-keuringsbevoegdheden regeling-erkenning-en-keuringsbevoegdheid-apk,data/laws/overige-regelgeving-hoofdstuk-5-keuringsbevoegdheden-regeling-erkenning-en-keuringsbevoegdheid-apk.txt
keuringsaspectenlijst overige-regelgeving invulinstructie-apk-rapport,data/laws/keuringsaspectenlijst-overige-regelgeving-invulinstructie-apk-rapport.txt
hoofdstuk-7-toezicht overige-regelgeving regeling-erkenning-en-keuringsbevoegdheid-apk,data/laws/hoofdstuk-7-toezicht-overige-regelgeving-regeling-erkenning-en-keuringsbevoegdheid-apk.txt
vervangend-apk-rapport overige-regelgeving invulinstructie-apk-rapport,data/laws/vervangend-apk-rapport-overige-regelgeving-invulinstructie-apk-rapport.txt
overige-regelgeving invulinstructie-apk-rapport toelichting-op-reparatieadvies-advies-reparatie-afkeurpunt-of-opmerking,data/laws/overige-regelgeving-invulinstructie-apk-rapport-toelichting-op-reparatieadvies-advies-reparatie-afkeurpunt-of-opmerking.txt
schrijven-op-apk-rapport overige-regelgeving invulinstructie-apk-rapport,data/laws/schrijven-op-apk-rapport-overige-regelgeving-invulinstructie-apk-rapport.txt
overige-regelgeving invulinstructie-apk-rapport opmerkingen,data/laws/overige-regelgeving-invulinstructie-apk-rapport-opmerkingen.txt
melding-na-afmelden-voertuig overige-regelgeving invulinstructie-apk-rapport,data/laws/melding-na-afmelden-voertuig-overige-regelgeving-invulinstructie-apk-rapport.txt
gegevens-voertuig-en-resultaat-keuring overige-regelgeving invulinstructie-apk-rapport,data/laws/gegevens-voertuig-en-resultaat-keuring-overige-regelgeving-invulinstructie-apk-rapport.txt
overige-regelgeving reparatiepunten-afkeurpunten invulinstructie-apk-rapport,data/laws/overige-regelgeving-reparatiepunten-afkeurpunten-invulinstructie-apk-rapport.txt
bevindingen overige-regelgeving invulinstructie-apk-rapport,data/laws/bevindingen-overige-regelgeving-invulinstructie-apk-rapport.txt
reparatieadviespunten overige-regelgeving invulinstructie-apk-rapport,data/laws/reparatieadviespunten-overige-regelgeving-invulinstructie-apk-rapport.txt
overige-regelgeving aanvrager-verzoekt-herkeuring-na-afkeuring invulinstructie-apk-rapport,data/laws/overige-regelgeving-aanvrager-verzoekt-herkeuring-na-afkeuring-invulinstructie-apk-rapport.txt
overige-regelgeving invulinstructie-apk-rapport dit-rapport-is-afgegeven-door,data/laws/overige-regelgeving-invulinstructie-apk-rapport-dit-rapport-is-afgegeven-door.txt
overige-regelgeving invulinstructie-apk-rapport adviespunten,data/laws/overige-regelgeving-invulinstructie-apk-rapport-adviespunten.txt
overige-regelgeving tellerstand invulinstructie-apk-rapport,data/laws/overige-regelgeving-tellerstand-invulinstructie-apk-rapport.txt
overige-regelgeving in-te-vullen-door-de-rdw invulinstructie-apk-rapport,data/laws/overige-regelgeving-in-te-vullen-door-de-rdw-invulinstructie-apk-rapport.txt
overige-regelgeving geharmoniseerde-unie-codes invulinstructie-apk-rapport,data/laws/overige-regelgeving-geharmoniseerde-unie-codes-invulinstructie-apk-rapport.txt
voertuigcategorie overige-regelgeving invulinstructie-apk-rapport,data/laws/voertuigcategorie-overige-regelgeving-invulinstructie-apk-rapport.txt
overige-regelgeving apk-rapport invulinstructie-apk-rapport,data/laws/overige-regelgeving-apk-rapport-invulinstructie-apk-rapport.txt
overige-regelgeving algemeen invulinstructie-apk-rapport,data/laws/overige-regelgeving-algemeen-invulinstructie-apk-rapport.txt
overige-regelgeving hoofdstuk-4-algemene-erkenningsvoorschriften regeling-erkenning-en-keuringsbevoegdheid-apk,data/laws/overige-regelgeving-hoofdstuk-4-algemene-erkenningsvoorschriften-regeling-erkenning-en-keuringsbevoegdheid-apk.txt
hoofdstuk-2-aanvraag-erkenning overige-regelgeving regeling-erkenning-en-keuringsbevoegdheid-apk,data/laws/hoofdstuk-2-aanvraag-erkenning-overige-regelgeving-regeling-erkenning-en-keuringsbevoegdheid-apk.txt
overige-regelgeving regeling-erkenning-en-keuringsbevoegdheid-apk hoofdstuk-3-erkenningseisen,data/laws/overige-regelgeving-regeling-erkenning-en-keuringsbevoegdheid-apk-hoofdstuk-3-erkenningseisen.txt
artikel-8-ingangsdatum overige-regelgeving cusumsysteem-erkenninghouder-apk,data/laws/artikel-8-ingangsdatum-overige-regelgeving-cusumsysteem-erkenninghouder-apk.txt
artikel-5-intrekking-cusumsysteem-erkenninghouder-apk overige-regelgeving cusumsysteem-erkenninghouder-apk,data/laws/artikel-5-intrekking-cusumsysteem-erkenninghouder-apk-overige-regelgeving-cusumsysteem-erkenninghouder-apk.txt
artikel-4-startwaarde overige-regelgeving cusumsysteem-erkenninghouder-apk,data/laws/artikel-4-startwaarde-overige-regelgeving-cusumsysteem-erkenninghouder-apk.txt
overige-regelgeving artikel-7-historie cusumsysteem-erkenninghouder-apk,data/laws/overige-regelgeving-artikel-7-historie-cusumsysteem-erkenninghouder-apk.txt
overige-regelgeving hoofdstuk-1-algemeen regeling-erkenning-en-keuringsbevoegdheid-apk,data/laws/overige-regelgeving-hoofdstuk-1-algemeen-regeling-erkenning-en-keuringsbevoegdheid-apk.txt
overige-regelgeving artikel-3-gradaties cusumsysteem-erkenninghouder-apk,data/laws/overige-regelgeving-artikel-3-gradaties-cusumsysteem-erkenninghouder-apk.txt
overige-regelgeving artikel-2-toepassing cusumsysteem-erkenninghouder-apk,data/laws/overige-regelgeving-artikel-2-toepassing-cusumsysteem-erkenninghouder-apk.txt
overige-regelgeving artikel-1-definities cusumsysteem-erkenninghouder-apk,data/laws/overige-regelgeving-artikel-1-definities-cusumsysteem-erkenninghouder-apk.txt
artikel-5-intrekking--cusumsysteem-keurmeester-apk overige-regelgeving cusumsysteem-keurmeester-apk,data/laws/artikel-5-intrekking--cusumsysteem-keurmeester-apk-overige-regelgeving-cusumsysteem-keurmeester-apk.txt
overige-regelgeving artikel-7-ingangsdatum cusumsysteem-keurmeester-apk,data/laws/overige-regelgeving-artikel-7-ingangsdatum-cusumsysteem-keurmeester-apk.txt
overige-regelgeving artikel-8-citeertitel cusumsysteem-keurmeester-apk,data/laws/overige-regelgeving-artikel-8-citeertitel-cusumsysteem-keurmeester-apk.txt
overige-regelgeving artikel-6-historie cusumsysteem-keurmeester-apk,data/laws/overige-regelgeving-artikel-6-historie-cusumsysteem-keurmeester-apk.txt
overige-regelgeving cusumsysteem-erkenninghouder-apk,data/laws/overige-regelgeving-cusumsysteem-erkenninghouder-apk.txt
overige-regelgeving cusumsysteem-keurmeester-apk artikel-3-gradaties,data/laws/overige-regelgeving-cusumsysteem-keurmeester-apk-artikel-3-gradaties.txt
artikel-4-startwaarde overige-regelgeving cusumsysteem-keurmeester-apk,data/laws/artikel-4-startwaarde-overige-regelgeving-cusumsysteem-keurmeester-apk.txt
overige-regelgeving algemene-bepalingen-keuringseisen vaststelling-kenmerken-voertuigen,data/laws/overige-regelgeving-algemene-bepalingen-keuringseisen-vaststelling-kenmerken-voertuigen.txt
overige-regelgeving algemene-bepalingen-keuringseisen begrippen,data/laws/overige-regelgeving-algemene-bepalingen-keuringseisen-begrippen.txt
overige-regelgeving cusumsysteem-keurmeester-apk,data/laws/overige-regelgeving-cusumsysteem-keurmeester-apk.txt
overige-regelgeving artikel-2-toepassing cusumsysteem-keurmeester-apk,data/laws/overige-regelgeving-artikel-2-toepassing-cusumsysteem-keurmeester-apk.txt
landbouwvoertuigen geluid-en-milieu motor-en-brandstofsystemen,data/laws/landbouwvoertuigen-geluid-en-milieu-motor-en-brandstofsystemen.txt
landbouwvoertuigen waterstofinstallatie motor-en-brandstofsystemen,data/laws/landbouwvoertuigen-waterstofinstallatie-motor-en-brandstofsystemen.txt
algemene-bepalingen-wijze-van-keuren overige-regelgeving algemene-bepalingen-keuringseisen,data/laws/algemene-bepalingen-wijze-van-keuren-overige-regelgeving-algemene-bepalingen-keuringseisen.txt
overige-regelgeving cusumsysteem-keurmeester-apk artikel-1-definities,data/laws/overige-regelgeving-cusumsysteem-keurmeester-apk-artikel-1-definities.txt
landbouwvoertuigen cng-installatie motor-en-brandstofsystemen,data/laws/landbouwvoertuigen-cng-installatie-motor-en-brandstofsystemen.txt
diversen bedrijfsautos-licht afschermingen,data/laws/diversen-bedrijfsautos-licht-afschermingen.txt
landbouwvoertuigen lpg-installatie motor-en-brandstofsystemen,data/laws/landbouwvoertuigen-lpg-installatie-motor-en-brandstofsystemen.txt
diversen bedrijfsautos-licht geluidssignaalinrichtingen,data/laws/diversen-bedrijfsautos-licht-geluidssignaalinrichtingen.txt
schotelkoppeling-opleggerkoppeling verbinding-tussen-bedrijfsauto-en-aanhangwagen bedrijfsautos-licht,data/laws/schotelkoppeling-opleggerkoppeling-verbinding-tussen-bedrijfsauto-en-aanhangwagen-bedrijfsautos-licht.txt
brandstofsystemen landbouwvoertuigen motor-en-brandstofsystemen,data/laws/brandstofsystemen-landbouwvoertuigen-motor-en-brandstofsystemen.txt
verbinding-tussen-bedrijfsauto-en-aanhangwagen bedrijfsautos-licht vangmuilkoppeling,data/laws/verbinding-tussen-bedrijfsauto-en-aanhangwagen-bedrijfsautos-licht-vangmuilkoppeling.txt
landbouwvoertuigen constructiesnelheid motor-en-brandstofsystemen,data/laws/landbouwvoertuigen-constructiesnelheid-motor-en-brandstofsystemen.txt
verbinding-tussen-bedrijfsauto-en-aanhangwagen bedrijfsautos-licht koppelinrichting,data/laws/verbinding-tussen-bedrijfsauto-en-aanhangwagen-bedrijfsautos-licht-koppelinrichting.txt
landbouwvoertuigen krachtoverbrenging aandrijving-transmissie,data/laws/landbouwvoertuigen-krachtoverbrenging-aandrijving-transmissie.txt
landbouwvoertuigen algemeen,data/laws/landbouwvoertuigen-algemeen.txt
landbouwvoertuigen algemene-bouwwijze-van-het-voertuig bovenbouw,data/laws/landbouwvoertuigen-algemene-bouwwijze-van-het-voertuig-bovenbouw.txt
landbouwvoertuigen inrichting-om-achteruit-te-rijden krachtoverbrenging,data/laws/landbouwvoertuigen-inrichting-om-achteruit-te-rijden-krachtoverbrenging.txt
verbinding-tussen-bedrijfsauto-en-aanhangwagen bedrijfsautos-licht koppelinrichting-algemeen,data/laws/verbinding-tussen-bedrijfsauto-en-aanhangwagen-bedrijfsautos-licht-koppelinrichting-algemeen.txt
landbouwvoertuigen algemeen overeenstemmen-van-het-voertuig-met-de-voertuiggegevens-alsmede-eisen-mbt-identificatie,data/laws/landbouwvoertuigen-algemeen-overeenstemmen-van-het-voertuig-met-de-voertuiggegevens-alsmede-eisen-mbt-identificatie.txt
landbouwvoertuigen krachtoverbrenging snelheidsmeter-snelheidsbegrenzer-controleapparaat,data/laws/landbouwvoertuigen-krachtoverbrenging-snelheidsmeter-snelheidsbegrenzer-controleapparaat.txt
landbouwvoertuigen chassisraam-mee-of-zelfdragende-carrosserie algemene-bouwwijze-van-het-voertuig,data/laws/landbouwvoertuigen-chassisraam-mee-of-zelfdragende-carrosserie-algemene-bouwwijze-van-het-voertuig.txt
landbouwvoertuigen wielnaven assen,data/laws/landbouwvoertuigen-wielnaven-assen.txt
landbouwvoertuigen stabilisatoren assen,data/laws/landbouwvoertuigen-stabilisatoren-assen.txt
landbouwvoertuigen fuseepennen-lageringen-bussen-en-kogels assen,data/laws/landbouwvoertuigen-fuseepennen-lageringen-bussen-en-kogels-assen.txt
landbouwvoertuigen assen,data/laws/landbouwvoertuigen-assen.txt
landbouwvoertuigen wiellagers assen,data/laws/landbouwvoertuigen-wiellagers-assen.txt
landbouwvoertuigen massas afmetingen-en-massas,data/laws/landbouwvoertuigen-massas-afmetingen-en-massas.txt
afmetingen landbouwvoertuigen afmetingen-en-massas,data/laws/afmetingen-landbouwvoertuigen-afmetingen-en-massas.txt
wielen-en-velgen landbouwvoertuigen assen,data/laws/wielen-en-velgen-landbouwvoertuigen-assen.txt
landbouwvoertuigen bescherming-inzittenden carrosserie,data/laws/landbouwvoertuigen-bescherming-inzittenden-carrosserie.txt
landbouwvoertuigen carrosserie spiegels,data/laws/landbouwvoertuigen-carrosserie-spiegels.txt
landbouwvoertuigen zitplaatsen carrosserie,data/laws/landbouwvoertuigen-zitplaatsen-carrosserie.txt
landbouwvoertuigen carrosserie stootbalk,data/laws/landbouwvoertuigen-carrosserie-stootbalk.txt
banden landbouwvoertuigen ophanging,data/laws/banden-landbouwvoertuigen-ophanging.txt
landbouwvoertuigen carrosserie uitwendige-veiligheid-oa-wiel-en-zijdelingse-afscherming,data/laws/landbouwvoertuigen-carrosserie-uitwendige-veiligheid-oa-wiel-en-zijdelingse-afscherming.txt
landbouwvoertuigen ophanging veersysteem,data/laws/landbouwvoertuigen-ophanging-veersysteem.txt
landbouwvoertuigen ruitenwisser--en-ruitensproeierinstallatie carrosserie,data/laws/landbouwvoertuigen-ruitenwisser--en-ruitensproeierinstallatie-carrosserie.txt
verbod-andere-dan-verplichte-of-toegestane-lichten landbouwvoertuigen lichten-lichtsignalen-en-retroreflecterende-voorzieningen,data/laws/verbod-andere-dan-verplichte-of-toegestane-lichten-landbouwvoertuigen-lichten-lichtsignalen-en-retroreflecterende-voorzieningen.txt
landbouwvoertuigen lichten-lichtsignalen-en-retroreflecterende-voorzieningen verbod-van-verblindende-lichten,data/laws/landbouwvoertuigen-lichten-lichtsignalen-en-retroreflecterende-voorzieningen-verbod-van-verblindende-lichten.txt
landbouwvoertuigen lichten-lichtsignalen-en-retroreflecterende-voorzieningen controlelampje-lichten,data/laws/landbouwvoertuigen-lichten-lichtsignalen-en-retroreflecterende-voorzieningen-controlelampje-lichten.txt
landbouwvoertuigen lichten-lichtsignalen-en-retroreflecterende-voorzieningen plaatsing-lichten-en-retroreflectoren,data/laws/landbouwvoertuigen-lichten-lichtsignalen-en-retroreflecterende-voorzieningen-plaatsing-lichten-en-retroreflectoren.txt
mistvoorlichten landbouwvoertuigen lichten-lichtsignalen-en-retroreflecterende-voorzieningen,data/laws/mistvoorlichten-landbouwvoertuigen-lichten-lichtsignalen-en-retroreflecterende-voorzieningen.txt
landbouwvoertuigen onderdelen-stuurinrichting stuurinrichting,data/laws/landbouwvoertuigen-onderdelen-stuurinrichting-stuurinrichting.txt
landbouwvoertuigen carrosserie ruiten,data/laws/landbouwvoertuigen-carrosserie-ruiten.txt
deuren landbouwvoertuigen carrosserie,data/laws/deuren-landbouwvoertuigen-carrosserie.txt
landbouwvoertuigen lichten-lichtsignalen-en-retroreflecterende-voorzieningen werking-en-toestand-toegestane-lichten-en-retroreflectoren,data/laws/landbouwvoertuigen-lichten-lichtsignalen-en-retroreflecterende-voorzieningen-werking-en-toestand-toegestane-lichten-en-retroreflectoren.txt
landbouwvoertuigen lichten-lichtsignalen-en-retroreflecterende-voorzieningen toegestane-lichten-en-retroreflectoren,data/laws/landbouwvoertuigen-lichten-lichtsignalen-en-retroreflecterende-voorzieningen-toegestane-lichten-en-retroreflectoren.txt
landbouwvoertuigen lichten-lichtsignalen-en-retroreflecterende-voorzieningen werking-en-toestand-verplichte-lichten-en-retroreflectoren,data/laws/landbouwvoertuigen-lichten-lichtsignalen-en-retroreflecterende-voorzieningen-werking-en-toestand-verplichte-lichten-en-retroreflectoren.txt
landbouwvoertuigen lichten-lichtsignalen-en-retroreflecterende-voorzieningen afstelling-dimlicht,data/laws/landbouwvoertuigen-lichten-lichtsignalen-en-retroreflecterende-voorzieningen-afstelling-dimlicht.txt
landbouwvoertuigen lichten-lichtsignalen-en-retroreflecterende-voorzieningen kleur-toegestane-lichten,data/laws/landbouwvoertuigen-lichten-lichtsignalen-en-retroreflecterende-voorzieningen-kleur-toegestane-lichten.txt
landbouwvoertuigen lichten-lichtsignalen-en-retroreflecterende-voorzieningen kleur-verplichte-lichten,data/laws/landbouwvoertuigen-lichten-lichtsignalen-en-retroreflecterende-voorzieningen-kleur-verplichte-lichten.txt
landbouwvoertuigen lichten-lichtsignalen-en-retroreflecterende-voorzieningen zwaai-flits-of-knipperlichten,data/laws/landbouwvoertuigen-lichten-lichtsignalen-en-retroreflecterende-voorzieningen-zwaai-flits-of-knipperlichten.txt
landbouwvoertuigen verbinding-tussen-landbouw-of-bosbouwtrekker-en-aanhangwagen bijzondere-constructies,data/laws/landbouwvoertuigen-verbinding-tussen-landbouw-of-bosbouwtrekker-en-aanhangwagen-bijzondere-constructies.txt
landbouwvoertuigen lichten-lichtsignalen-en-retroreflecterende-voorzieningen verplichte-lichten-en-retroreflectoren,data/laws/landbouwvoertuigen-lichten-lichtsignalen-en-retroreflecterende-voorzieningen-verplichte-lichten-en-retroreflectoren.txt
landbouwvoertuigen schotelkoppeling-opleggerkoppeling verbinding-tussen-landbouw-of-bosbouwtrekker-en-aanhangwagen,data/laws/landbouwvoertuigen-schotelkoppeling-opleggerkoppeling-verbinding-tussen-landbouw-of-bosbouwtrekker-en-aanhangwagen.txt
landbouwvoertuigen verbinding-tussen-landbouw-of-bosbouwtrekker-en-aanhangwagen vangmuilkoppeling,data/laws/landbouwvoertuigen-verbinding-tussen-landbouw-of-bosbouwtrekker-en-aanhangwagen-vangmuilkoppeling.txt
landbouwvoertuigen verbinding-tussen-landbouw-of-bosbouwtrekker-en-aanhangwagen koppelinrichting,data/laws/landbouwvoertuigen-verbinding-tussen-landbouw-of-bosbouwtrekker-en-aanhangwagen-koppelinrichting.txt
landbouwvoertuigen verbinding-tussen-landbouw-of-bosbouwtrekker-en-aanhangwagen koppelinrichting-algemeen,data/laws/landbouwvoertuigen-verbinding-tussen-landbouw-of-bosbouwtrekker-en-aanhangwagen-koppelinrichting-algemeen.txt
diversen driewielige-motorrijtuigen afschermingen,data/laws/diversen-driewielige-motorrijtuigen-afschermingen.txt
carrosserie driewielige-motorrijtuigen uitwendige-veiligheid-oa-wiel-en-zijdelingse-afscherming,data/laws/carrosserie-driewielige-motorrijtuigen-uitwendige-veiligheid-oa-wiel-en-zijdelingse-afscherming.txt
verbod-andere-dan-verplichte-of-toegestane-lichten lichten-lichtsignalen-en-retroreflecterende-voorzieningen driewielige-motorrijtuigen,data/laws/verbod-andere-dan-verplichte-of-toegestane-lichten-lichten-lichtsignalen-en-retroreflecterende-voorzieningen-driewielige-motorrijtuigen.txt
controlelampje-lichten lichten-lichtsignalen-en-retroreflecterende-voorzieningen driewielige-motorrijtuigen,data/laws/controlelampje-lichten-lichten-lichtsignalen-en-retroreflecterende-voorzieningen-driewielige-motorrijtuigen.txt
lichten-lichtsignalen-en-retroreflecterende-voorzieningen verbod-van-verblindende-lichten driewielige-motorrijtuigen,data/laws/lichten-lichtsignalen-en-retroreflecterende-voorzieningen-verbod-van-verblindende-lichten-driewielige-motorrijtuigen.txt
krachtoverbrenging aandrijving-transmissie driewielige-motorrijtuigen,data/laws/krachtoverbrenging-aandrijving-transmissie-driewielige-motorrijtuigen.txt
wielbasis driewielige-motorrijtuigen assen,data/laws/wielbasis-driewielige-motorrijtuigen-assen.txt
remvertraging-parkeerrem-vastzetinrichting reminrichting driewielige-motorrijtuigen,data/laws/remvertraging-parkeerrem-vastzetinrichting-reminrichting-driewielige-motorrijtuigen.txt
stabilisatoren driewielige-motorrijtuigen assen,data/laws/stabilisatoren-driewielige-motorrijtuigen-assen.txt
wielen-en-velgen driewielige-motorrijtuigen assen,data/laws/wielen-en-velgen-driewielige-motorrijtuigen-assen.txt
chassisraam algemene-bouwwijze-van-het-voertuig driewielige-motorrijtuigen,data/laws/chassisraam-algemene-bouwwijze-van-het-voertuig-driewielige-motorrijtuigen.txt
algemene-bouwwijze-van-het-voertuig driewielige-motorrijtuigen bovenbouw,data/laws/algemene-bouwwijze-van-het-voertuig-driewielige-motorrijtuigen-bovenbouw.txt
krachtoverbrenging driewielige-motorrijtuigen snelheidsmeter,data/laws/krachtoverbrenging-driewielige-motorrijtuigen-snelheidsmeter.txt
vloeistoflekkage motor driewielige-motorrijtuigen,data/laws/vloeistoflekkage-motor-driewielige-motorrijtuigen.txt
motorsteunen motor driewielige-motorrijtuigen,data/laws/motorsteunen-motor-driewielige-motorrijtuigen.txt
verbod-van-andere-dan-verplichte-of-toegestane-lichten lichten-lichtsignalen-en-retroreflecterende-voorzieningen aanhangwagens,data/laws/verbod-van-andere-dan-verplichte-of-toegestane-lichten-lichten-lichtsignalen-en-retroreflecterende-voorzieningen-aanhangwagens.txt
motor driewielige-motorrijtuigen onderdelen-elektrische-aandrijflijn,data/laws/motor-driewielige-motorrijtuigen-onderdelen-elektrische-aandrijflijn.txt
accu-en-bedrading motor driewielige-motorrijtuigen,data/laws/accu-en-bedrading-motor-driewielige-motorrijtuigen.txt
schotelkoppeling-opleggerkoppeling aanhangwagens verbinding-trekkend-motorvoertuig-en-aanhangwagen,data/laws/schotelkoppeling-opleggerkoppeling-aanhangwagens-verbinding-trekkend-motorvoertuig-en-aanhangwagen.txt
bijzondere-constructies aanhangwagens verbinding-trekkend-motorvoertuig-en-aanhangwagen,data/laws/bijzondere-constructies-aanhangwagens-verbinding-trekkend-motorvoertuig-en-aanhangwagen.txt
koppelinrichting-algemeen aanhangwagens verbinding-trekkend-motorvoertuig-en-aanhangwagen,data/laws/koppelinrichting-algemeen-aanhangwagens-verbinding-trekkend-motorvoertuig-en-aanhangwagen.txt
kogelkoppeling aanhangwagens verbinding-trekkend-motorvoertuig-en-aanhangwagen,data/laws/kogelkoppeling-aanhangwagens-verbinding-trekkend-motorvoertuig-en-aanhangwagen.txt
lichten-lichtsignalen-en-retroreflecterende-voorzieningen aanhangwagens knipperende-lichten,data/laws/lichten-lichtsignalen-en-retroreflecterende-voorzieningen-aanhangwagens-knipperende-lichten.txt
lichten-lichtsignalen-en-retroreflecterende-voorzieningen aanhangwagens werking-en-toestand-toegestane-lichten-en-retroreflectoren,data/laws/lichten-lichtsignalen-en-retroreflecterende-voorzieningen-aanhangwagens-werking-en-toestand-toegestane-lichten-en-retroreflectoren.txt
aanhangwagens trekoog verbinding-trekkend-motorvoertuig-en-aanhangwagen,data/laws/aanhangwagens-trekoog-verbinding-trekkend-motorvoertuig-en-aanhangwagen.txt
lichten-lichtsignalen-en-retroreflecterende-voorzieningen aanhangwagens plaatsing-lichten-en-retroreflectoren,data/laws/lichten-lichtsignalen-en-retroreflecterende-voorzieningen-aanhangwagens-plaatsing-lichten-en-retroreflectoren.txt
zwaai-flits-of-knipperlichten lichten-lichtsignalen-en-retroreflecterende-voorzieningen aanhangwagens,data/laws/zwaai-flits-of-knipperlichten-lichten-lichtsignalen-en-retroreflecterende-voorzieningen-aanhangwagens.txt
lichten-lichtsignalen-en-retroreflecterende-voorzieningen aanhangwagens toegestane-lichten-en-retroreflectoren,data/laws/lichten-lichtsignalen-en-retroreflecterende-voorzieningen-aanhangwagens-toegestane-lichten-en-retroreflectoren.txt
kleur-toegestane-lichten lichten-lichtsignalen-en-retroreflecterende-voorzieningen aanhangwagens,data/laws/kleur-toegestane-lichten-lichten-lichtsignalen-en-retroreflecterende-voorzieningen-aanhangwagens.txt
kleur-verplichte-lichten lichten-lichtsignalen-en-retroreflecterende-voorzieningen aanhangwagens,data/laws/kleur-verplichte-lichten-lichten-lichtsignalen-en-retroreflecterende-voorzieningen-aanhangwagens.txt
lichten-lichtsignalen-en-retroreflecterende-voorzieningen aanhangwagens verplichte-lichten-en-retroreflectoren,data/laws/lichten-lichtsignalen-en-retroreflecterende-voorzieningen-aanhangwagens-verplichte-lichten-en-retroreflectoren.txt
werking-en-toestand-verplichte-lichten-en-retroreflectoren lichten-lichtsignalen-en-retroreflecterende-voorzieningen aanhangwagens,data/laws/werking-en-toestand-verplichte-lichten-en-retroreflectoren-lichten-lichtsignalen-en-retroreflecterende-voorzieningen-aanhangwagens.txt
carrosserie aanhangwagens stootbalk,data/laws/carrosserie-aanhangwagens-stootbalk.txt
carrosserie aanhangwagens uitwendige-veiligheid-oa-wiel-en-zijdelingse-afscherming,data/laws/carrosserie-aanhangwagens-uitwendige-veiligheid-oa-wiel-en-zijdelingse-afscherming.txt
bescherming-inzittenden carrosserie aanhangwagens,data/laws/bescherming-inzittenden-carrosserie-aanhangwagens.txt
deuren-laadbakkleppen carrosserie aanhangwagens,data/laws/deuren-laadbakkleppen-carrosserie-aanhangwagens.txt
zitplaatsen carrosserie aanhangwagens,data/laws/zitplaatsen-carrosserie-aanhangwagens.txt
afmelden-en-raadplegen overige-regelgeving algemeen,data/laws/afmelden-en-raadplegen-overige-regelgeving-algemeen.txt
algemene-informatie-voor-de-uitvoer-van-de-apk overige-regelgeving algemeen,data/laws/algemene-informatie-voor-de-uitvoer-van-de-apk-overige-regelgeving-algemeen.txt
overige-regelgeving algemeen adressen-providers,data/laws/overige-regelgeving-algemeen-adressen-providers.txt
openingstijden-rdw-kantoren overige-regelgeving algemeen,data/laws/openingstijden-rdw-kantoren-overige-regelgeving-algemeen.txt
overige-regelgeving steekproef administratieve-procedures,data/laws/overige-regelgeving-steekproef-administratieve-procedures.txt
beroepsmogelijkheden overige-regelgeving administratieve-procedures,data/laws/beroepsmogelijkheden-overige-regelgeving-administratieve-procedures.txt
overige-regelgeving algemeen adressen-rdw,data/laws/overige-regelgeving-algemeen-adressen-rdw.txt
voorwoord overige-regelgeving algemeen,data/laws/voorwoord-overige-regelgeving-algemeen.txt
overige-regelgeving afmelden-met-datacommunicatie-apparatuur administratieve-procedures,data/laws/overige-regelgeving-afmelden-met-datacommunicatie-apparatuur-administratieve-procedures.txt
raadplegen-kentekenregister overige-regelgeving administratieve-procedures,data/laws/raadplegen-kentekenregister-overige-regelgeving-administratieve-procedures.txt
geluid-en-milieu motor driewielige-motorrijtuigen,data/laws/geluid-en-milieu-motor-driewielige-motorrijtuigen.txt
overeenstemmen-van-het-voertuig algemeen driewielige-motorrijtuigen,data/laws/overeenstemmen-van-het-voertuig-algemeen-driewielige-motorrijtuigen.txt
algemeen driewielige-motorrijtuigen,data/laws/algemeen-driewielige-motorrijtuigen.txt
waterstofinstallatie motor driewielige-motorrijtuigen,data/laws/waterstofinstallatie-motor-driewielige-motorrijtuigen.txt
overige-regelgeving algemeen administratieve-procedures,data/laws/overige-regelgeving-algemeen-administratieve-procedures.txt
cng-installatie motor driewielige-motorrijtuigen,data/laws/cng-installatie-motor-driewielige-motorrijtuigen.txt
massas driewielige-motorrijtuigen afmetingen-en-massas,data/laws/massas-driewielige-motorrijtuigen-afmetingen-en-massas.txt
lpg-installatie motor driewielige-motorrijtuigen,data/laws/lpg-installatie-motor-driewielige-motorrijtuigen.txt
afmetingen driewielige-motorrijtuigen afmetingen-en-massas,data/laws/afmetingen-driewielige-motorrijtuigen-afmetingen-en-massas.txt
wiellagers driewielige-motorrijtuigen assen,data/laws/wiellagers-driewielige-motorrijtuigen-assen.txt
brandstofsystemen motor driewielige-motorrijtuigen,data/laws/brandstofsystemen-motor-driewielige-motorrijtuigen.txt
fuseepennen-lageringen-bussen-en-kogels driewielige-motorrijtuigen assen,data/laws/fuseepennen-lageringen-bussen-en-kogels-driewielige-motorrijtuigen-assen.txt
driewielige-motorrijtuigen assen,data/laws/driewielige-motorrijtuigen-assen.txt
lichten-lichtsignalen-en-retroreflecterende-voorzieningen driewielige-motorrijtuigen plaatsing-lichten-en-retroreflectoren,data/laws/lichten-lichtsignalen-en-retroreflecterende-voorzieningen-driewielige-motorrijtuigen-plaatsing-lichten-en-retroreflectoren.txt
voorvork-en-balhoofdlagering stuurinrichting driewielige-motorrijtuigen,data/laws/voorvork-en-balhoofdlagering-stuurinrichting-driewielige-motorrijtuigen.txt
remvertraging-bedrijfsrem reminrichting driewielige-motorrijtuigen,data/laws/remvertraging-bedrijfsrem-reminrichting-driewielige-motorrijtuigen.txt
onderdelen-en-werking-reminrichting reminrichting driewielige-motorrijtuigen,data/laws/onderdelen-en-werking-reminrichting-reminrichting-driewielige-motorrijtuigen.txt
stuurinrichting onderdelen-stuurinrichting driewielige-motorrijtuigen,data/laws/stuurinrichting-onderdelen-stuurinrichting-driewielige-motorrijtuigen.txt
remvloeistofreservoir reminrichting driewielige-motorrijtuigen,data/laws/remvloeistofreservoir-reminrichting-driewielige-motorrijtuigen.txt
ophanging driewielige-motorrijtuigen veersysteem,data/laws/ophanging-driewielige-motorrijtuigen-veersysteem.txt
mistvoorlichten lichten-lichtsignalen-en-retroreflecterende-voorzieningen driewielige-motorrijtuigen,data/laws/mistvoorlichten-lichten-lichtsignalen-en-retroreflecterende-voorzieningen-driewielige-motorrijtuigen.txt
zwaai-flits-of-knipperlichten lichten-lichtsignalen-en-retroreflecterende-voorzieningen driewielige-motorrijtuigen,data/laws/zwaai-flits-of-knipperlichten-lichten-lichtsignalen-en-retroreflecterende-voorzieningen-driewielige-motorrijtuigen.txt
lichten-lichtsignalen-en-retroreflecterende-voorzieningen driewielige-motorrijtuigen toegestane-lichten-en-retroreflectoren,data/laws/lichten-lichtsignalen-en-retroreflecterende-voorzieningen-driewielige-motorrijtuigen-toegestane-lichten-en-retroreflectoren.txt
lichten-lichtsignalen-en-retroreflecterende-voorzieningen driewielige-motorrijtuigen werking-en-toestand-toegestane-lichten-en-retroreflectoren,data/laws/lichten-lichtsignalen-en-retroreflecterende-voorzieningen-driewielige-motorrijtuigen-werking-en-toestand-toegestane-lichten-en-retroreflectoren.txt
banden ophanging driewielige-motorrijtuigen,data/laws/banden-ophanging-driewielige-motorrijtuigen.txt
kleur-toegestane-lichten lichten-lichtsignalen-en-retroreflecterende-voorzieningen driewielige-motorrijtuigen,data/laws/kleur-toegestane-lichten-lichten-lichtsignalen-en-retroreflecterende-voorzieningen-driewielige-motorrijtuigen.txt
verplichte-retroreflecterende-voorzieningen lichten-lichtsignalen-en-retroreflecterende-voorzieningen driewielige-motorrijtuigen,data/laws/verplichte-retroreflecterende-voorzieningen-lichten-lichtsignalen-en-retroreflecterende-voorzieningen-driewielige-motorrijtuigen.txt
lichten-lichtsignalen-en-retroreflecterende-voorzieningen driewielige-motorrijtuigen verplichte-lichten-en-retroreflectoren,data/laws/lichten-lichtsignalen-en-retroreflecterende-voorzieningen-driewielige-motorrijtuigen-verplichte-lichten-en-retroreflectoren.txt
kleur-verplichte-lichten lichten-lichtsignalen-en-retroreflecterende-voorzieningen driewielige-motorrijtuigen,data/laws/kleur-verplichte-lichten-lichten-lichtsignalen-en-retroreflecterende-voorzieningen-driewielige-motorrijtuigen.txt
lichten-lichtsignalen-en-retroreflecterende-voorzieningen driewielige-motorrijtuigen afstelling-dimlicht,data/laws/lichten-lichtsignalen-en-retroreflecterende-voorzieningen-driewielige-motorrijtuigen-afstelling-dimlicht.txt
bescherming-inzittenden carrosserie driewielige-motorrijtuigen,data/laws/bescherming-inzittenden-carrosserie-driewielige-motorrijtuigen.txt
zitplaatsen-voetsteunen-trappers carrosserie driewielige-motorrijtuigen,data/laws/zitplaatsen-voetsteunen-trappers-carrosserie-driewielige-motorrijtuigen.txt
werking-en-toestand-verplichte-lichten-en-retroreflectoren lichten-lichtsignalen-en-retroreflecterende-voorzieningen driewielige-motorrijtuigen,data/laws/werking-en-toestand-verplichte-lichten-en-retroreflectoren-lichten-lichtsignalen-en-retroreflecterende-voorzieningen-driewielige-motorrijtuigen.txt
spiegels carrosserie driewielige-motorrijtuigen,data/laws/spiegels-carrosserie-driewielige-motorrijtuigen.txt
carrosserie driewielige-motorrijtuigen installatie-ter-ontdooiing-en-ontwaseming,data/laws/carrosserie-driewielige-motorrijtuigen-installatie-ter-ontdooiing-en-ontwaseming.txt
deuren-laadbakkleppen-motorkap-kofferdeksel-windscherm-stroomlijnkappen carrosserie driewielige-motorrijtuigen,data/laws/deuren-laadbakkleppen-motorkap-kofferdeksel-windscherm-stroomlijnkappen-carrosserie-driewielige-motorrijtuigen.txt
carrosserie driewielige-motorrijtuigen ruiten,data/laws/carrosserie-driewielige-motorrijtuigen-ruiten.txt
ruitenwisser--en-ruitensproeierinstallatie carrosserie driewielige-motorrijtuigen,data/laws/ruitenwisser--en-ruitensproeierinstallatie-carrosserie-driewielige-motorrijtuigen.txt
verbinding-driewielig-motorrijtuig-en-aanhangwagen koppelinrichting driewielige-motorrijtuigen,data/laws/verbinding-driewielig-motorrijtuig-en-aanhangwagen-koppelinrichting-driewielige-motorrijtuigen.txt
diversen driewielige-motorrijtuigen geluidssignaalinrichtingen,data/laws/diversen-driewielige-motorrijtuigen-geluidssignaalinrichtingen.txt
werking-reminrichting-aanhangwagen-losbreekreminrichting reminrichting aanhangwagens,data/laws/werking-reminrichting-aanhangwagen-losbreekreminrichting-reminrichting-aanhangwagens.txt
reminrichting vastzetinrichting-toegestaan aanhangwagens,data/laws/reminrichting-vastzetinrichting-toegestaan-aanhangwagens.txt
accu-en-bedrading-aanhangwagens algemene-bouwwijze-van-het-voertuig aanhangwagens,data/laws/accu-en-bedrading-aanhangwagens-algemene-bouwwijze-van-het-voertuig-aanhangwagens.txt
wielen-en-velgen aanhangwagens assen,data/laws/wielen-en-velgen-aanhangwagens-assen.txt
stabilisatoren aanhangwagens assen,data/laws/stabilisatoren-aanhangwagens-assen.txt
vastzetinrichting reminrichting aanhangwagens,data/laws/vastzetinrichting-reminrichting-aanhangwagens.txt
remvertraging-bedrijfsrem reminrichting aanhangwagens,data/laws/remvertraging-bedrijfsrem-reminrichting-aanhangwagens.txt
aanvullende-eisen-taxis personenautos ligplaats,data/laws/aanvullende-eisen-taxis-personenautos-ligplaats.txt
brandstofsystemen vloeistoflekkage aanhangwagens,data/laws/brandstofsystemen-vloeistoflekkage-aanhangwagens.txt
algemene-bouwwijze-van-het-voertuig aanhangwagens bovenbouw,data/laws/algemene-bouwwijze-van-het-voertuig-aanhangwagens-bovenbouw.txt
aanvullende-eisen-taxis personenautos aanwezigheid-voorzieningen-tbv-rolstoelen,data/laws/aanvullende-eisen-taxis-personenautos-aanwezigheid-voorzieningen-tbv-rolstoelen.txt
brandstofsystemen aanhangwagens,data/laws/brandstofsystemen-aanhangwagens.txt
aanvullende-eisen-taxis personenautos stoelen-of-banken,data/laws/aanvullende-eisen-taxis-personenautos-stoelen-of-banken.txt
aanvullende-eisen-taxis personenautos noodvoorzieningen,data/laws/aanvullende-eisen-taxis-personenautos-noodvoorzieningen.txt
overeenstemmen-goedkeuringsdocument aanvullende-eisen-taxis personenautos,data/laws/overeenstemmen-goedkeuringsdocument-aanvullende-eisen-taxis-personenautos.txt
personenautos koppelinrichting verbinding-personenauto-en-aanhangwagen,data/laws/personenautos-koppelinrichting-verbinding-personenauto-en-aanhangwagen.txt
aanvullende-eisen-taxis personenautos goedkeuringsdocument,data/laws/aanvullende-eisen-taxis-personenautos-goedkeuringsdocument.txt
personenautos ophanging veersysteem,data/laws/personenautos-ophanging-veersysteem.txt
banden personenautos ophanging,data/laws/banden-personenautos-ophanging.txt
remvertraging-parkeerrem reminrichting personenautos,data/laws/remvertraging-parkeerrem-reminrichting-personenautos.txt
remvloeistofreservoir reminrichting personenautos,data/laws/remvloeistofreservoir-reminrichting-personenautos.txt
personenautos carrosserie klimaatregelingssysteem,data/laws/personenautos-carrosserie-klimaatregelingssysteem.txt
frontbeschermingsinrichtingen personenautos carrosserie,data/laws/frontbeschermingsinrichtingen-personenautos-carrosserie.txt
onderdelen-en-werking-reminrichting reminrichting personenautos,data/laws/onderdelen-en-werking-reminrichting-reminrichting-personenautos.txt
bescherming-rolstoel-inzittenden personenautos carrosserie,data/laws/bescherming-rolstoel-inzittenden-personenautos-carrosserie.txt
zitplaatsen personenautos carrosserie,data/laws/zitplaatsen-personenautos-carrosserie.txt
bescherming-inzittenden personenautos carrosserie,data/laws/bescherming-inzittenden-personenautos-carrosserie.txt
personenautos carrosserie uitwendige-veiligheid-oa-wiel-en-zijdelingse-afscherming,data/laws/personenautos-carrosserie-uitwendige-veiligheid-oa-wiel-en-zijdelingse-afscherming.txt
remvertraging-bedrijfsrem reminrichting personenautos,data/laws/remvertraging-bedrijfsrem-reminrichting-personenautos.txt
ruitenwisser--en-ruitensproeierinstallatie personenautos carrosserie,data/laws/ruitenwisser--en-ruitensproeierinstallatie-personenautos-carrosserie.txt
spiegels personenautos carrosserie,data/laws/spiegels-personenautos-carrosserie.txt
personenautos carrosserie installatie-ter-ontdooiing-en-ontwaseming,data/laws/personenautos-carrosserie-installatie-ter-ontdooiing-en-ontwaseming.txt
personenautos carrosserie ruiten,data/laws/personenautos-carrosserie-ruiten.txt
personenautos onderdelen-stuurinrichting stuurinrichting,data/laws/personenautos-onderdelen-stuurinrichting-stuurinrichting.txt
controlelampje-lichten personenautos lichten-lichtsignalen-en-retroreflecterende-voorzieningen,data/laws/controlelampje-lichten-personenautos-lichten-lichtsignalen-en-retroreflecterende-voorzieningen.txt
deuren-motorkap-en-kofferdeksel personenautos carrosserie,data/laws/deuren-motorkap-en-kofferdeksel-personenautos-carrosserie.txt
personenautos verbod-van-verblindende-lichten lichten-lichtsignalen-en-retroreflecterende-voorzieningen,data/laws/personenautos-verbod-van-verblindende-lichten-lichten-lichtsignalen-en-retroreflecterende-voorzieningen.txt
personenautos lichten-lichtsignalen-en-retroreflecterende-voorzieningen plaatsing-lichten-en-retroreflectoren,data/laws/personenautos-lichten-lichtsignalen-en-retroreflecterende-voorzieningen-plaatsing-lichten-en-retroreflectoren.txt
verbod-andere-dan-verplichte-of-toegestane-lichten personenautos lichten-lichtsignalen-en-retroreflecterende-voorzieningen,data/laws/verbod-andere-dan-verplichte-of-toegestane-lichten-personenautos-lichten-lichtsignalen-en-retroreflecterende-voorzieningen.txt
kleur-toegestane-lichten personenautos lichten-lichtsignalen-en-retroreflecterende-voorzieningen,data/laws/kleur-toegestane-lichten-personenautos-lichten-lichtsignalen-en-retroreflecterende-voorzieningen.txt
zwaai-flits-of-knipperlichten personenautos lichten-lichtsignalen-en-retroreflecterende-voorzieningen,data/laws/zwaai-flits-of-knipperlichten-personenautos-lichten-lichtsignalen-en-retroreflecterende-voorzieningen.txt
personenautos toegestane-lichten-en-retroreflectoren lichten-lichtsignalen-en-retroreflecterende-voorzieningen,data/laws/personenautos-toegestane-lichten-en-retroreflectoren-lichten-lichtsignalen-en-retroreflecterende-voorzieningen.txt
personenautos werking-en-toestand-toegestane-lichten-en-retroreflectoren lichten-lichtsignalen-en-retroreflecterende-voorzieningen,data/laws/personenautos-werking-en-toestand-toegestane-lichten-en-retroreflectoren-lichten-lichtsignalen-en-retroreflecterende-voorzieningen.txt
mistvoorlichten personenautos lichten-lichtsignalen-en-retroreflecterende-voorzieningen,data/laws/mistvoorlichten-personenautos-lichten-lichtsignalen-en-retroreflecterende-voorzieningen.txt
kleurverplichtelichten personenautos lichten-lichtsignalen-en-retroreflecterende-voorzieningen,data/laws/kleurverplichtelichten-personenautos-lichten-lichtsignalen-en-retroreflecterende-voorzieningen.txt
werking-en-toestand-verplichte-lichten-en-retroreflectoren personenautos lichten-lichtsignalen-en-retroreflecterende-voorzieningen,data/laws/werking-en-toestand-verplichte-lichten-en-retroreflectoren-personenautos-lichten-lichtsignalen-en-retroreflecterende-voorzieningen.txt
personenautos verplichte-retroreflecterende-voorzieningen lichten-lichtsignalen-en-retroreflecterende-voorzieningen,data/laws/personenautos-verplichte-retroreflecterende-voorzieningen-lichten-lichtsignalen-en-retroreflecterende-voorzieningen.txt
personenautos lichten-lichtsignalen-en-retroreflecterende-voorzieningen afstelling-dimlicht,data/laws/personenautos-lichten-lichtsignalen-en-retroreflecterende-voorzieningen-afstelling-dimlicht.txt
diversen personenautos afschermingen,data/laws/diversen-personenautos-afschermingen.txt
diversen personenautos geluidssignaalinrichtingen,data/laws/diversen-personenautos-geluidssignaalinrichtingen.txt
personenautos koppelinrichting-algemeen verbinding-personenauto-en-aanhangwagen,data/laws/personenautos-koppelinrichting-algemeen-verbinding-personenauto-en-aanhangwagen.txt
algemeen aanhangwagens,data/laws/algemeen-aanhangwagens.txt
stuurinrichting onderdelen-stuurinrichting aanhangwagens,data/laws/stuurinrichting-onderdelen-stuurinrichting-aanhangwagens.txt
chassisraam-mee-of-zelfdragende-carrosserie algemene-bouwwijze-van-het-voertuig aanhangwagens,data/laws/chassisraam-mee-of-zelfdragende-carrosserie-algemene-bouwwijze-van-het-voertuig-aanhangwagens.txt
algemeen overeenstemmen-van-het-voertuig-met-de-voertuiggegevens-alsmede-eisen-mbt-identificatie aanhangwagens,data/laws/algemeen-overeenstemmen-van-het-voertuig-met-de-voertuiggegevens-alsmede-eisen-mbt-identificatie-aanhangwagens.txt
personenautos verplichte-lichten-en-retroreflectoren lichten-lichtsignalen-en-retroreflecterende-voorzieningen,data/laws/personenautos-verplichte-lichten-en-retroreflectoren-lichten-lichtsignalen-en-retroreflecterende-voorzieningen.txt
stuurinrichting draaikrans aanhangwagens,data/laws/stuurinrichting-draaikrans-aanhangwagens.txt
wiellagers aanhangwagens assen,data/laws/wiellagers-aanhangwagens-assen.txt
fuseepennen-lageringen-bussen-en-kogels aanhangwagens assen,data/laws/fuseepennen-lageringen-bussen-en-kogels-aanhangwagens-assen.txt
wielbasis aanhangwagens assen,data/laws/wielbasis-aanhangwagens-assen.txt
aanhangwagens assen,data/laws/aanhangwagens-assen.txt
afmetingen aanhangwagens afmetingen-en-massas,data/laws/afmetingen-aanhangwagens-afmetingen-en-massas.txt
remvloeistofreservoir reminrichting aanhangwagens,data/laws/remvloeistofreservoir-reminrichting-aanhangwagens.txt
massas aanhangwagens afmetingen-en-massas,data/laws/massas-aanhangwagens-afmetingen-en-massas.txt
banden ophanging aanhangwagens,data/laws/banden-ophanging-aanhangwagens.txt
reminrichting onderdelen-en-werking-drukluchtremmen aanhangwagens,data/laws/reminrichting-onderdelen-en-werking-drukluchtremmen-aanhangwagens.txt
onderdelen-en-werking-reminrichting reminrichting aanhangwagens,data/laws/onderdelen-en-werking-reminrichting-reminrichting-aanhangwagens.txt
reminrichting aanhangwagens reminrichting-toegestaan,data/laws/reminrichting-aanhangwagens-reminrichting-toegestaan.txt
ophanging aanhangwagens veersysteem,data/laws/ophanging-aanhangwagens-veersysteem.txt
reminrichting aanhangwagens slag-van-de-drukluchtremcilinders,data/laws/reminrichting-aanhangwagens-slag-van-de-drukluchtremcilinders.txt
massas personenautos afmetingen-en-massas,data/laws/massas-personenautos-afmetingen-en-massas.txt
personenautos algemeen,data/laws/personenautos-algemeen.txt
overeenstemmen-van-het-voertuig-met-de-voertuiggegevens-alsmede-eisen-mbt-identificatie personenautos algemeen,data/laws/overeenstemmen-van-het-voertuig-met-de-voertuiggegevens-alsmede-eisen-mbt-identificatie-personenautos-algemeen.txt
diversen bedrijfsautos-zwaar afschermingen,data/laws/diversen-bedrijfsautos-zwaar-afschermingen.txt
verbinding-tussen-bedrijfsauto-en-aanhangwagen bedrijfsautos-zwaar vangmuilkoppeling,data/laws/verbinding-tussen-bedrijfsauto-en-aanhangwagen-bedrijfsautos-zwaar-vangmuilkoppeling.txt
schotelkoppeling-opleggerkoppeling verbinding-tussen-bedrijfsauto-en-aanhangwagen bedrijfsautos-zwaar,data/laws/schotelkoppeling-opleggerkoppeling-verbinding-tussen-bedrijfsauto-en-aanhangwagen-bedrijfsautos-zwaar.txt
diversen bedrijfsautos-zwaar geluidssignaalinrichtingen,data/laws/diversen-bedrijfsautos-zwaar-geluidssignaalinrichtingen.txt
remvertraging-parkeerrem reminrichting bedrijfsautos-zwaar,data/laws/remvertraging-parkeerrem-reminrichting-bedrijfsautos-zwaar.txt
onderdelen-stuurinrichting bedrijfsautos-zwaar stuurinrichting,data/laws/onderdelen-stuurinrichting-bedrijfsautos-zwaar-stuurinrichting.txt
reminrichting bedrijfsautos-zwaar voorraaddruk-remsysteem,data/laws/reminrichting-bedrijfsautos-zwaar-voorraaddruk-remsysteem.txt
krachtoverbrenging snelheidsmeter-snelheidsbegrenzer-controleapparaat bedrijfsautos-zwaar,data/laws/krachtoverbrenging-snelheidsmeter-snelheidsbegrenzer-controleapparaat-bedrijfsautos-zwaar.txt
afmetingen bedrijfsautos-zwaar afmetingen-en-massas,data/laws/afmetingen-bedrijfsautos-zwaar-afmetingen-en-massas.txt
krachtoverbrenging aandrijving-transmissie bedrijfsautos-zwaar,data/laws/krachtoverbrenging-aandrijving-transmissie-bedrijfsautos-zwaar.txt
bedrijfsautos-zwaar afmetingen-en-massas maximumconstructiesnelheid,data/laws/bedrijfsautos-zwaar-afmetingen-en-massas-maximumconstructiesnelheid.txt
verbod-andere-dan-verplichte-of-toegestane-lichten bedrijfsautos-licht lichten-lichtsignalen-en-retroreflecterende-voorzieningen,data/laws/verbod-andere-dan-verplichte-of-toegestane-lichten-bedrijfsautos-licht-lichten-lichtsignalen-en-retroreflecterende-voorzieningen.txt
massas bedrijfsautos-zwaar afmetingen-en-massas,data/laws/massas-bedrijfsautos-zwaar-afmetingen-en-massas.txt
remvertraging-bedrijfsrem reminrichting bedrijfsautos-zwaar,data/laws/remvertraging-bedrijfsrem-reminrichting-bedrijfsautos-zwaar.txt
motorsteunen bedrijfsautos-zwaar motor-en-brandstofsystemen,data/laws/motorsteunen-bedrijfsautos-zwaar-motor-en-brandstofsystemen.txt
bedrijfsautos-zwaar motor-en-brandstofsystemen onderdelen-elektrische-aandrijflijn,data/laws/bedrijfsautos-zwaar-motor-en-brandstofsystemen-onderdelen-elektrische-aandrijflijn.txt
algemeen bedrijfsautos-zwaar,data/laws/algemeen-bedrijfsautos-zwaar.txt
overeenstemmen-van-het-voertuig algemeen bedrijfsautos-zwaar,data/laws/overeenstemmen-van-het-voertuig-algemeen-bedrijfsautos-zwaar.txt
accu-en-bedrading bedrijfsautos-zwaar motor-en-brandstofsystemen,data/laws/accu-en-bedrading-bedrijfsautos-zwaar-motor-en-brandstofsystemen.txt
geluid-en-milieu bedrijfsautos-zwaar motor-en-brandstofsystemen,data/laws/geluid-en-milieu-bedrijfsautos-zwaar-motor-en-brandstofsystemen.txt
lpg-installatie bedrijfsautos-zwaar motor-en-brandstofsystemen,data/laws/lpg-installatie-bedrijfsautos-zwaar-motor-en-brandstofsystemen.txt
waterstofinstallatie bedrijfsautos-zwaar motor-en-brandstofsystemen,data/laws/waterstofinstallatie-bedrijfsautos-zwaar-motor-en-brandstofsystemen.txt
brandstofsystemen bedrijfsautos-zwaar motor-en-brandstofsystemen,data/laws/brandstofsystemen-bedrijfsautos-zwaar-motor-en-brandstofsystemen.txt
vloeistoflekkage bedrijfsautos-zwaar motor-en-brandstofsystemen,data/laws/vloeistoflekkage-bedrijfsautos-zwaar-motor-en-brandstofsystemen.txt
cng-installatie bedrijfsautos-zwaar motor-en-brandstofsystemen,data/laws/cng-installatie-bedrijfsautos-zwaar-motor-en-brandstofsystemen.txt
bedrijfsautos-zwaar algemene-bouwwijze-van-het-voertuig bovenbouw,data/laws/bedrijfsautos-zwaar-algemene-bouwwijze-van-het-voertuig-bovenbouw.txt
chassisraam-mee-of-zelfdragende-carrosserie bedrijfsautos-zwaar algemene-bouwwijze-van-het-voertuig,data/laws/chassisraam-mee-of-zelfdragende-carrosserie-bedrijfsautos-zwaar-algemene-bouwwijze-van-het-voertuig.txt
bedrijfsautos-licht carrosserie bescherming-rolstoelinzittenden,data/laws/bedrijfsautos-licht-carrosserie-bescherming-rolstoelinzittenden.txt
frontbeschermingsinrichtingen bedrijfsautos-licht carrosserie,data/laws/frontbeschermingsinrichtingen-bedrijfsautos-licht-carrosserie.txt
bedrijfsautos-licht carrosserie klimaatregelingssysteem,data/laws/bedrijfsautos-licht-carrosserie-klimaatregelingssysteem.txt
bedrijfsautos-licht carrosserie uitwendige-veiligheid-oa-wiel-en-zijdelingse-afscherming,data/laws/bedrijfsautos-licht-carrosserie-uitwendige-veiligheid-oa-wiel-en-zijdelingse-afscherming.txt
bedrijfsautos-licht carrosserie stootbalk,data/laws/bedrijfsautos-licht-carrosserie-stootbalk.txt
zitplaatsen bedrijfsautos-licht carrosserie,data/laws/zitplaatsen-bedrijfsautos-licht-carrosserie.txt
spiegels bedrijfsautos-licht carrosserie,data/laws/spiegels-bedrijfsautos-licht-carrosserie.txt
bescherming-inzittenden bedrijfsautos-licht carrosserie,data/laws/bescherming-inzittenden-bedrijfsautos-licht-carrosserie.txt
bedrijfsautos-licht verbod-van-verblindende-lichten lichten-lichtsignalen-en-retroreflecterende-voorzieningen,data/laws/bedrijfsautos-licht-verbod-van-verblindende-lichten-lichten-lichtsignalen-en-retroreflecterende-voorzieningen.txt
bedrijfsautos-licht carrosserie installatie-ter-ontdooiing-en-ontwaseming,data/laws/bedrijfsautos-licht-carrosserie-installatie-ter-ontdooiing-en-ontwaseming.txt
bedrijfsautos-licht mistverlichting lichten-lichtsignalen-en-retroreflecterende-voorzieningen,data/laws/bedrijfsautos-licht-mistverlichting-lichten-lichtsignalen-en-retroreflecterende-voorzieningen.txt
bedrijfsautos-licht carrosserie ruiten,data/laws/bedrijfsautos-licht-carrosserie-ruiten.txt
ruitenwisser--en-ruitensproeierinstallatie bedrijfsautos-licht carrosserie,data/laws/ruitenwisser--en-ruitensproeierinstallatie-bedrijfsautos-licht-carrosserie.txt
controlelampje-lichten bedrijfsautos-licht lichten-lichtsignalen-en-retroreflecterende-voorzieningen,data/laws/controlelampje-lichten-bedrijfsautos-licht-lichten-lichtsignalen-en-retroreflecterende-voorzieningen.txt
bedrijfsautos-licht lichten-lichtsignalen-en-retroreflecterende-voorzieningen plaatsing-lichten-en-retroreflectoren,data/laws/bedrijfsautos-licht-lichten-lichtsignalen-en-retroreflecterende-voorzieningen-plaatsing-lichten-en-retroreflectoren.txt
bedrijfsautos-licht carrosserie deuren-laadbakkleppen-motorkap-en-kofferdeksel,data/laws/bedrijfsautos-licht-carrosserie-deuren-laadbakkleppen-motorkap-en-kofferdeksel.txt
bedrijfsautos-licht toegestane-lichten-en-retroreflectoren lichten-lichtsignalen-en-retroreflecterende-voorzieningen,data/laws/bedrijfsautos-licht-toegestane-lichten-en-retroreflectoren-lichten-lichtsignalen-en-retroreflecterende-voorzieningen.txt
zwaai-flits-of-knipperlichten bedrijfsautos-licht lichten-lichtsignalen-en-retroreflecterende-voorzieningen,data/laws/zwaai-flits-of-knipperlichten-bedrijfsautos-licht-lichten-lichtsignalen-en-retroreflecterende-voorzieningen.txt
bedrijfsautos-licht lichten-lichtsignalen-en-retroreflecterende-voorzieningen afstelling-dimlicht,data/laws/bedrijfsautos-licht-lichten-lichtsignalen-en-retroreflecterende-voorzieningen-afstelling-dimlicht.txt
kleur-toegestane-lichten bedrijfsautos-licht lichten-lichtsignalen-en-retroreflecterende-voorzieningen,data/laws/kleur-toegestane-lichten-bedrijfsautos-licht-lichten-lichtsignalen-en-retroreflecterende-voorzieningen.txt
bedrijfsautos-licht werking-en-toestand-toegestane-lichten-en-retroreflectoren lichten-lichtsignalen-en-retroreflecterende-voorzieningen,data/laws/bedrijfsautos-licht-werking-en-toestand-toegestane-lichten-en-retroreflectoren-lichten-lichtsignalen-en-retroreflecterende-voorzieningen.txt
bedrijfsautos-licht verplichte-retroreflecterende-voorzieningen lichten-lichtsignalen-en-retroreflecterende-voorzieningen,data/laws/bedrijfsautos-licht-verplichte-retroreflecterende-voorzieningen-lichten-lichtsignalen-en-retroreflecterende-voorzieningen.txt
werking-en-toestand-verplichte-lichten-en-retroreflectoren bedrijfsautos-licht lichten-lichtsignalen-en-retroreflecterende-voorzieningen,data/laws/werking-en-toestand-verplichte-lichten-en-retroreflectoren-bedrijfsautos-licht-lichten-lichtsignalen-en-retroreflecterende-voorzieningen.txt
bedrijfsautos-licht kleur-verplichte-lichten lichten-lichtsignalen-en-retroreflecterende-voorzieningen,data/laws/bedrijfsautos-licht-kleur-verplichte-lichten-lichten-lichtsignalen-en-retroreflecterende-voorzieningen.txt
lichten-lichtsignalen-en-retroreflecterende-voorzieningen bedrijfsautos-zwaar plaatsing-lichten-en-retroreflectoren,data/laws/lichten-lichtsignalen-en-retroreflecterende-voorzieningen-bedrijfsautos-zwaar-plaatsing-lichten-en-retroreflectoren.txt
verbod-van-verblindende-lichten lichten-lichtsignalen-en-retroreflecterende-voorzieningen bedrijfsautos-zwaar,data/laws/verbod-van-verblindende-lichten-lichten-lichtsignalen-en-retroreflecterende-voorzieningen-bedrijfsautos-zwaar.txt
controlelampje-lichten lichten-lichtsignalen-en-retroreflecterende-voorzieningen bedrijfsautos-zwaar,data/laws/controlelampje-lichten-lichten-lichtsignalen-en-retroreflecterende-voorzieningen-bedrijfsautos-zwaar.txt
verbod-andere-dan-verplichte-of-toegestane-lichten lichten-lichtsignalen-en-retroreflecterende-voorzieningen bedrijfsautos-zwaar,data/laws/verbod-andere-dan-verplichte-of-toegestane-lichten-lichten-lichtsignalen-en-retroreflecterende-voorzieningen-bedrijfsautos-zwaar.txt
mistvoorlichten lichten-lichtsignalen-en-retroreflecterende-voorzieningen bedrijfsautos-zwaar,data/laws/mistvoorlichten-lichten-lichtsignalen-en-retroreflecterende-voorzieningen-bedrijfsautos-zwaar.txt
bedrijfsautos-licht verplichte-lichten-en-retroreflectoren lichten-lichtsignalen-en-retroreflecterende-voorzieningen,data/laws/bedrijfsautos-licht-verplichte-lichten-en-retroreflectoren-lichten-lichtsignalen-en-retroreflecterende-voorzieningen.txt
lichten-lichtsignalen-en-retroreflecterende-voorzieningen bedrijfsautos-zwaar toegestane-lichten-en-retroreflectoren,data/laws/lichten-lichtsignalen-en-retroreflecterende-voorzieningen-bedrijfsautos-zwaar-toegestane-lichten-en-retroreflectoren.txt
lichten-lichtsignalen-en-retroreflecterende-voorzieningen bedrijfsautos-zwaar werking-en-toestand-toegestane-lichten-en-retroreflectoren,data/laws/lichten-lichtsignalen-en-retroreflecterende-voorzieningen-bedrijfsautos-zwaar-werking-en-toestand-toegestane-lichten-en-retroreflectoren.txt
werking-en-toestand-verplichte-lichten-en-retroreflectoren lichten-lichtsignalen-en-retroreflecterende-voorzieningen bedrijfsautos-zwaar,data/laws/werking-en-toestand-verplichte-lichten-en-retroreflectoren-lichten-lichtsignalen-en-retroreflecterende-voorzieningen-bedrijfsautos-zwaar.txt
zwaai-flits-of-knipperlichten lichten-lichtsignalen-en-retroreflecterende-voorzieningen bedrijfsautos-zwaar,data/laws/zwaai-flits-of-knipperlichten-lichten-lichtsignalen-en-retroreflecterende-voorzieningen-bedrijfsautos-zwaar.txt
lichten-lichtsignalen-en-retroreflecterende-voorzieningen bedrijfsautos-zwaar afstelling-dimlicht,data/laws/lichten-lichtsignalen-en-retroreflecterende-voorzieningen-bedrijfsautos-zwaar-afstelling-dimlicht.txt
kleur-toegestane-lichten lichten-lichtsignalen-en-retroreflecterende-voorzieningen bedrijfsautos-zwaar,data/laws/kleur-toegestane-lichten-lichten-lichtsignalen-en-retroreflecterende-voorzieningen-bedrijfsautos-zwaar.txt
lichten-lichtsignalen-en-retroreflecterende-voorzieningen bedrijfsautos-zwaar kleur-verplichte-lichten,data/laws/lichten-lichtsignalen-en-retroreflecterende-voorzieningen-bedrijfsautos-zwaar-kleur-verplichte-lichten.txt
wielen-en-velgen bedrijfsautos-zwaar assen,data/laws/wielen-en-velgen-bedrijfsautos-zwaar-assen.txt
lichten-lichtsignalen-en-retroreflecterende-voorzieningen bedrijfsautos-zwaar verplichte-retroreflecterende-voorzieningen,data/laws/lichten-lichtsignalen-en-retroreflecterende-voorzieningen-bedrijfsautos-zwaar-verplichte-retroreflecterende-voorzieningen.txt
wiellagers bedrijfsautos-zwaar assen,data/laws/wiellagers-bedrijfsautos-zwaar-assen.txt
wieluitlijning bedrijfsautos-zwaar assen,data/laws/wieluitlijning-bedrijfsautos-zwaar-assen.txt
lichten-lichtsignalen-en-retroreflecterende-voorzieningen bedrijfsautos-zwaar verplichte-lichten-en-retroreflectoren,data/laws/lichten-lichtsignalen-en-retroreflecterende-voorzieningen-bedrijfsautos-zwaar-verplichte-lichten-en-retroreflectoren.txt
wielnaven bedrijfsautos-zwaar assen,data/laws/wielnaven-bedrijfsautos-zwaar-assen.txt
wielbasis bedrijfsautos-zwaar assen,data/laws/wielbasis-bedrijfsautos-zwaar-assen.txt
stabilisatoren bedrijfsautos-zwaar assen,data/laws/stabilisatoren-bedrijfsautos-zwaar-assen.txt
reminrichting bedrijfsautos-zwaar slag-van-de-drukluchtremcilinders,data/laws/reminrichting-bedrijfsautos-zwaar-slag-van-de-drukluchtremcilinders.txt
bedrijfsautos-zwaar fuseepennen-lageringen-bussen-en-kogels assen,data/laws/bedrijfsautos-zwaar-fuseepennen-lageringen-bussen-en-kogels-assen.txt
onderdelen-en-werking-drukluchtremsysteem reminrichting bedrijfsautos-zwaar,data/laws/onderdelen-en-werking-drukluchtremsysteem-reminrichting-bedrijfsautos-zwaar.txt
reminrichting bedrijfsautos-zwaar waarschuwingsinrichting-drukluchtremsysteem,data/laws/reminrichting-bedrijfsautos-zwaar-waarschuwingsinrichting-drukluchtremsysteem.txt
bedrijfsautos-zwaar assen,data/laws/bedrijfsautos-zwaar-assen.txt
waarschuwingsinrichting-veerrem reminrichting bedrijfsautos-zwaar,data/laws/waarschuwingsinrichting-veerrem-reminrichting-bedrijfsautos-zwaar.txt
verbinding-tussen-bedrijfsauto-en-aanhangwagen bedrijfsautos-zwaar koppelinrichting-algemeen,data/laws/verbinding-tussen-bedrijfsauto-en-aanhangwagen-bedrijfsautos-zwaar-koppelinrichting-algemeen.txt
verbinding-tussen-bedrijfsauto-en-aanhangwagen bedrijfsautos-zwaar koppelinrichting,data/laws/verbinding-tussen-bedrijfsauto-en-aanhangwagen-bedrijfsautos-zwaar-koppelinrichting.txt
banden bedrijfsautos-zwaar ophanging,data/laws/banden-bedrijfsautos-zwaar-ophanging.txt
onderdelen-en-werking-reminrichting reminrichting bedrijfsautos-zwaar,data/laws/onderdelen-en-werking-reminrichting-reminrichting-bedrijfsautos-zwaar.txt
carrosserie bedrijfsautos-zwaar stootbalk,data/laws/carrosserie-bedrijfsautos-zwaar-stootbalk.txt
carrosserie bedrijfsautos-zwaar klimaatregelingssysteem,data/laws/carrosserie-bedrijfsautos-zwaar-klimaatregelingssysteem.txt
carrosserie bedrijfsautos-zwaar uitwendige-veiligheid-oa-wiel-en-zijdelingse-afscherming,data/laws/carrosserie-bedrijfsautos-zwaar-uitwendige-veiligheid-oa-wiel-en-zijdelingse-afscherming.txt
bedrijfsautos-zwaar veersysteem ophanging,data/laws/bedrijfsautos-zwaar-veersysteem-ophanging.txt
frontbeschermingsinrichtingen carrosserie bedrijfsautos-zwaar,data/laws/frontbeschermingsinrichtingen-carrosserie-bedrijfsautos-zwaar.txt
carrosserie bedrijfsautos-zwaar bescherming-rolstoelinzittenden,data/laws/carrosserie-bedrijfsautos-zwaar-bescherming-rolstoelinzittenden.txt
remvloeistofreservoir reminrichting bedrijfsautos-zwaar,data/laws/remvloeistofreservoir-reminrichting-bedrijfsautos-zwaar.txt
zitplaatsen carrosserie bedrijfsautos-zwaar,data/laws/zitplaatsen-carrosserie-bedrijfsautos-zwaar.txt
ruitenwisser--en-ruitensproeierinstallatie carrosserie bedrijfsautos-zwaar,data/laws/ruitenwisser--en-ruitensproeierinstallatie-carrosserie-bedrijfsautos-zwaar.txt
carrosserie bedrijfsautos-zwaar installatie-ter-ontdooiing-en-ontwaseming,data/laws/carrosserie-bedrijfsautos-zwaar-installatie-ter-ontdooiing-en-ontwaseming.txt
bescherming-inzittenden carrosserie bedrijfsautos-zwaar,data/laws/bescherming-inzittenden-carrosserie-bedrijfsautos-zwaar.txt
personenautos algemene-bouwwijze-van-het-voertuig bovenbouw,data/laws/personenautos-algemene-bouwwijze-van-het-voertuig-bovenbouw.txt
carrosserie bedrijfsautos-zwaar ruiten,data/laws/carrosserie-bedrijfsautos-zwaar-ruiten.txt
carrosserie bedrijfsautos-zwaar deuren-laadbakkleppen-motorkap-en-kofferdeksel,data/laws/carrosserie-bedrijfsautos-zwaar-deuren-laadbakkleppen-motorkap-en-kofferdeksel.txt
spiegels carrosserie bedrijfsautos-zwaar,data/laws/spiegels-carrosserie-bedrijfsautos-zwaar.txt
chassisraam-mee-of-zelfdragend-carrosserie-frame personenautos algemene-bouwwijze-van-het-voertuig,data/laws/chassisraam-mee-of-zelfdragend-carrosserie-frame-personenautos-algemene-bouwwijze-van-het-voertuig.txt
personenautos motor onderdelen-elektrische-aandrijflijn,data/laws/personenautos-motor-onderdelen-elektrische-aandrijflijn.txt
accu-en-bedrading personenautos motor,data/laws/accu-en-bedrading-personenautos-motor.txt
afmetingen personenautos afmetingen-en-massas,data/laws/afmetingen-personenautos-afmetingen-en-massas.txt
personenautos motor vloeistof-lekkage,data/laws/personenautos-motor-vloeistof-lekkage.txt
personenautos cng-installatie motor,data/laws/personenautos-cng-installatie-motor.txt
waterstofinstallatie personenautos motor,data/laws/waterstofinstallatie-personenautos-motor.txt
geluid-en-milieu personenautos motor,data/laws/geluid-en-milieu-personenautos-motor.txt
motorsteunen personenautos motor,data/laws/motorsteunen-personenautos-motor.txt
lpg-installatie personenautos motor,data/laws/lpg-installatie-personenautos-motor.txt
brandstofsystemen personenautos motor,data/laws/brandstofsystemen-personenautos-motor.txt
wielen-en-velgen personenautos assen,data/laws/wielen-en-velgen-personenautos-assen.txt
krachtoverbrenging personenautos aandrijving-transmissie,data/laws/krachtoverbrenging-personenautos-aandrijving-transmissie.txt
krachtoverbrenging personenautos snelheidsmeter-controleapparaat,data/laws/krachtoverbrenging-personenautos-snelheidsmeter-controleapparaat.txt
stabilisatoren personenautos assen,data/laws/stabilisatoren-personenautos-assen.txt
personenautos spoorbreedte assen,data/laws/personenautos-spoorbreedte-assen.txt
wielbasis personenautos assen,data/laws/wielbasis-personenautos-assen.txt
personenautos fuseepennenlageringenbussen-en-kogels assen,data/laws/personenautos-fuseepennenlageringenbussen-en-kogels-assen.txt
wieluitlijning personenautos assen,data/laws/wieluitlijning-personenautos-assen.txt
personenautos assen,data/laws/personenautos-assen.txt
personenautos wiellagers assen,data/laws/personenautos-wiellagers-assen.txt
remvertraging-parkeerrem reminrichting bedrijfsautos-licht,data/laws/remvertraging-parkeerrem-reminrichting-bedrijfsautos-licht.txt
reminrichting bedrijfsautos-licht slag-van-de-drukluchtremcilinders,data/laws/reminrichting-bedrijfsautos-licht-slag-van-de-drukluchtremcilinders.txt
reminrichting bedrijfsautos-licht voorraaddruk-remsysteem,data/laws/reminrichting-bedrijfsautos-licht-voorraaddruk-remsysteem.txt
onderdelen-en-werking-drukluchtremsysteemonderdelen-en-werking-drukluchtremsysteem reminrichting bedrijfsautos-licht,data/laws/onderdelen-en-werking-drukluchtremsysteemonderdelen-en-werking-drukluchtremsysteem-reminrichting-bedrijfsautos-licht.txt
remvertraging-bedrijfsrem reminrichting bedrijfsautos-licht,data/laws/remvertraging-bedrijfsrem-reminrichting-bedrijfsautos-licht.txt
reminrichting bedrijfsautos-licht waarschuwingsinrichting-drukluchtremsysteem,data/laws/reminrichting-bedrijfsautos-licht-waarschuwingsinrichting-drukluchtremsysteem.txt
reminrichting bedrijfsautos-licht waarschuwingsinrichting-veerrem,data/laws/reminrichting-bedrijfsautos-licht-waarschuwingsinrichting-veerrem.txt
remvloeistofreservoir reminrichting bedrijfsautos-licht,data/laws/remvloeistofreservoir-reminrichting-bedrijfsautos-licht.txt
onderdelen-en-werking-reminrichting reminrichting bedrijfsautos-licht,data/laws/onderdelen-en-werking-reminrichting-reminrichting-bedrijfsautos-licht.txt
bedrijfsautos-licht onderdelen-stuurinrichting stuurinrichting,data/laws/bedrijfsautos-licht-onderdelen-stuurinrichting-stuurinrichting.txt
bedrijfsautos-licht ophanging veersysteem,data/laws/bedrijfsautos-licht-ophanging-veersysteem.txt
wielen-en-velgen bedrijfsautos-licht assen,data/laws/wielen-en-velgen-bedrijfsautos-licht-assen.txt
bedrijfsautos-licht spoorbreedte assen,data/laws/bedrijfsautos-licht-spoorbreedte-assen.txt
wielnaven bedrijfsautos-licht assen,data/laws/wielnaven-bedrijfsautos-licht-assen.txt
banden bedrijfsautos-licht ophanging,data/laws/banden-bedrijfsautos-licht-ophanging.txt
stabilisatoren bedrijfsautos-licht assen,data/laws/stabilisatoren-bedrijfsautos-licht-assen.txt
bedrijfsautos-licht algemene-bouwwijze-van-het-voertuig bovenbouw,data/laws/bedrijfsautos-licht-algemene-bouwwijze-van-het-voertuig-bovenbouw.txt
wieluitlijning bedrijfsautos-licht assen,data/laws/wieluitlijning-bedrijfsautos-licht-assen.txt
afmetingen bedrijfsautos-licht afmetingen-en-massas,data/laws/afmetingen-bedrijfsautos-licht-afmetingen-en-massas.txt
chassisraam-mee-of-zelfdragende-carrosserie bedrijfsautos-licht algemene-bouwwijze-van-het-voertuig,data/laws/chassisraam-mee-of-zelfdragende-carrosserie-bedrijfsautos-licht-algemene-bouwwijze-van-het-voertuig.txt
bedrijfsautos-licht maximumconstructiesnelheid afmetingen-en-massas,data/laws/bedrijfsautos-licht-maximumconstructiesnelheid-afmetingen-en-massas.txt
massas bedrijfsautos-licht afmetingen-en-massas,data/laws/massas-bedrijfsautos-licht-afmetingen-en-massas.txt
bedrijfsautos-licht motor-en-brandstofsystemen onderdelen-elektrische-aandrijflijn,data/laws/bedrijfsautos-licht-motor-en-brandstofsystemen-onderdelen-elektrische-aandrijflijn.txt
vloeistoflekkage bedrijfsautos-licht motor-en-brandstofsystemen,data/laws/vloeistoflekkage-bedrijfsautos-licht-motor-en-brandstofsystemen.txt
accu-en-bedrading bedrijfsautos-licht motor-en-brandstofsystemen,data/laws/accu-en-bedrading-bedrijfsautos-licht-motor-en-brandstofsystemen.txt
lpg-installatie bedrijfsautos-licht motor-en-brandstofsystemen,data/laws/lpg-installatie-bedrijfsautos-licht-motor-en-brandstofsystemen.txt
geluid-en-milieu bedrijfsautos-licht motor-en-brandstofsystemen,data/laws/geluid-en-milieu-bedrijfsautos-licht-motor-en-brandstofsystemen.txt
waterstofinstallatie bedrijfsautos-licht motor-en-brandstofsystemen,data/laws/waterstofinstallatie-bedrijfsautos-licht-motor-en-brandstofsystemen.txt
bedrijfsautos-licht cng-installatie motor-en-brandstofsystemen,data/laws/bedrijfsautos-licht-cng-installatie-motor-en-brandstofsystemen.txt
brandstofsystemen bedrijfsautos-licht motor-en-brandstofsystemen,data/laws/brandstofsystemen-bedrijfsautos-licht-motor-en-brandstofsystemen.txt
motorsteunen bedrijfsautos-licht motor-en-brandstofsystemen,data/laws/motorsteunen-bedrijfsautos-licht-motor-en-brandstofsystemen.txt
bedrijfsautos-licht algemeen,data/laws/bedrijfsautos-licht-algemeen.txt
bedrijfsautos-licht wiellagers assen,data/laws/bedrijfsautos-licht-wiellagers-assen.txt
bedrijfsautos-licht fuseepennen-lageringen-bussen-en-kogels assen,data/laws/bedrijfsautos-licht-fuseepennen-lageringen-bussen-en-kogels-assen.txt
bedrijfsautos-licht algemeen overeenstemmen-van-het-voertuig-met-de-voertuiggegevens-alsmede-eisen-mbt-indentificatie,data/laws/bedrijfsautos-licht-algemeen-overeenstemmen-van-het-voertuig-met-de-voertuiggegevens-alsmede-eisen-mbt-indentificatie.txt
wielbasis bedrijfsautos-licht assen,data/laws/wielbasis-bedrijfsautos-licht-assen.txt
krachtoverbrenging bedrijfsautos-licht snelheidsmeter,data/laws/krachtoverbrenging-bedrijfsautos-licht-snelheidsmeter.txt
bedrijfsautos-licht assen,data/laws/bedrijfsautos-licht-assen.txt
krachtoverbrenging bedrijfsautos-licht aandrijving-transmissie,data/laws/krachtoverbrenging-bedrijfsautos-licht-aandrijving-transmissie.txt
